_id,SOZIETATEA_EU/SOCIEDAD_EU,SOZIETATEA_CAS/SOCIEDAD_CAS,DENBORALDIA/TEMPORADA,JARDUERA_EU/ACTIVIDAD_EU,JARDUERA_CAS/ACTIVIDAD_CAS,KATEGORIA_EU/CATEGORIA_EU,KATEGORIA_CAS/CATEGORIA_CAS,IZENA EMATEKO EPEA (HASIERA)_EU/PLAZO INSCRIPCION (DESDE)_EU,IZENA EMATEKO EPEA (HASIERA)_CAS/PLAZO INSCRIPCION (DESDE)_CAS,IZENA EMATEKO EPEA (AMAIERA)_EU/PLAZO INSCRIPCION (HASTA)_EU,IZENA EMATEKO EPEA (AMAIERA)_CAS/PLAZO INSCRIPCION (HASTA)_CAS
1,BFA,DFB,2024/2025,AEROBIC,AEROBIC,KIMUAK,ALEVIN,IRAILAK 2,2 DE SEPTIEMBRE,ABENDUAK 13,13 DE DICIEMBRE
2,BFA,DFB,2024/2025,AEROBIC,AEROBIC,UMEAK,INFANTIL,IRAILAK 2,2 DE SEPTIEMBRE,ABENDUAK 13,13 DE DICIEMBRE
3,BFA,DFB,2024/2025,AEROBIC,AEROBIC,KADETEAK,CADETE,IRAILAK 2,2 DE SEPTIEMBRE,ABENDUAK 13,13 DE DICIEMBRE
4,BFA,DFB,2024/2025,AEROBIC,AEROBIC,BENJAMINAK,BENJAMIN,IRAILAK 2,2 DE SEPTIEMBRE,ABENDUAK 13,13 DE DICIEMBRE
5,BFA,DFB,2024/2025,XAKEA,AJEDREZ,BANAKAKOA KIROLA,DEPORTE INDIVIDUAL,IRAILAK 2,2 DE SEPTIEMBRE,URTARRILAK 10,10 DE ENERO
6,BFA,DFB,2024/2025,XAKEA,AJEDREZ,KIMUAK,ALEVIN,IRAILAK 2,2 DE SEPTIEMBRE,URTARRILAK 10,10 DE ENERO
7,BFA,DFB,2024/2025,XAKEA,AJEDREZ,BENJAMINAK,BENJAMIN,IRAILAK 2,2 DE SEPTIEMBRE,URTARRILAK 10,10 DE ENERO
8,BFA,DFB,2024/2025,XAKEA,AJEDREZ,KADETEAK,CADETE,IRAILAK 2,2 DE SEPTIEMBRE,URTARRILAK 10,10 DE ENERO
9,BFA,DFB,2024/2025,XAKEA,AJEDREZ,UMEAK,INFANTIL,IRAILAK 2,2 DE SEPTIEMBRE,URTARRILAK 10,10 DE ENERO
10,BFA,DFB,2024/2025,MULTIKIROLA,MULTIDEPORTE,BENJAMINAK,BENJAMIN,IRAILAK 2,2 DE SEPTIEMBRE,URRIAK 4,4 DE OCTUBRE
11,BFA,DFB,2024/2025,UDAL MULTIKIROLA,MULTIDEPORTE MUNICIPAL,BENJAMINAK,BENJAMIN,IRAILAK 2,2 DE SEPTIEMBRE,URRIAK 11,11 DE OCTUBRE
12,BFA,DFB,2024/2025,ATLETISMOA/KROSA,ATLETISMO/CROSS,BANAKAKOA KIROLA,DEPORTE INDIVIDUAL,IRAILAK 2,2 DE SEPTIEMBRE,IRAILAK 27,27 DE SEPTIEMBRE
13,BFA,DFB,2024/2025,ATLETISMOA/KROSA,ATLETISMO/CROSS,BENJAMINAK,BENJAMIN,IRAILAK 2,2 DE SEPTIEMBRE,IRAILAK 27,27 DE SEPTIEMBRE
14,BFA,DFB,2024/2025,ATLETISMOA/KROSA,ATLETISMO/CROSS,KIMUAK,ALEVIN,IRAILAK 2,2 DE SEPTIEMBRE,IRAILAK 27,27 DE SEPTIEMBRE
15,BFA,DFB,2024/2025,ATLETISMOA/KROSA,ATLETISMO/CROSS,KADETEAK,CADETE,IRAILAK 2,2 DE SEPTIEMBRE,IRAILAK 27,27 DE SEPTIEMBRE
16,BFA,DFB,2024/2025,ATLETISMOA/KROSA,ATLETISMO/CROSS,UMEAK,INFANTIL,IRAILAK 2,2 DE SEPTIEMBRE,IRAILAK 27,27 DE SEPTIEMBRE
17,BFA,DFB,2024/2025,BEISBOLA,BEISBOL,BANAKAKOA KIROLA,DEPORTE INDIVIDUAL,IRAILAK 2,2 DE SEPTIEMBRE,ABENDUAK 13,13 DE DICIEMBRE
18,BFA,DFB,2024/2025,BEISBOLA,BEISBOL,KIMUAK,ALEVIN,IRAILAK 2,2 DE SEPTIEMBRE,ABENDUAK 13,13 DE DICIEMBRE
19,BFA,DFB,2024/2025,BEISBOLA,BEISBOL,BENJAMINAK,BENJAMIN,IRAILAK 2,2 DE SEPTIEMBRE,ABENDUAK 13,13 DE DICIEMBRE
20,BFA,DFB,2024/2025,BEISBOLA,BEISBOL,UMEAK,INFANTIL,IRAILAK 2,2 DE SEPTIEMBRE,ABENDUAK 13,13 DE DICIEMBRE
21,BFA,DFB,2024/2025,SASKIBALOIA,BALONCESTO,KADETEAK,CADETE,IRAILAK 2,2 DE SEPTIEMBRE,IRAILAK 20,20 DE SEPTIEMBRE
22,BFA,DFB,2024/2025,D SASKIBALOIA,BALONCESTO D,KIMUAK,ALEVIN,IRAILAK 2,2 DE SEPTIEMBRE,IRAILAK 20,20 DE SEPTIEMBRE
23,BFA,DFB,2024/2025,SASKIBALOIA 3X3,BALONCESTO 3X3,BENJAMINAK,BENJAMIN,IRAILAK 2,2 DE SEPTIEMBRE,IRAILAK 27,27 DE SEPTIEMBRE
24,BFA,DFB,2024/2025,SASKIBALOIA 3X3,BALONCESTO 3X3,KIMUAK,ALEVIN,IRAILAK 2,2 DE SEPTIEMBRE,IRAILAK 20,20 DE SEPTIEMBRE
25,BFA,DFB,2024/2025,SASKIBALOIA 3X3,BALONCESTO 3X3,UMEAK,INFANTIL,IRAILAK 2,2 DE SEPTIEMBRE,IRAILAK 20,20 DE SEPTIEMBRE
26,BFA,DFB,2024/2025,SASKIBALOIA 3X3,BALONCESTO 3X3,KADETEAK,CADETE,IRAILAK 2,2 DE SEPTIEMBRE,IRAILAK 20,20 DE SEPTIEMBRE
27,BFA,DFB,2024/2025,A SASKIBALOIA 5X5/3X3,BALONCESTO 5X5/3X3 A,BENJAMINAK,BENJAMIN,IRAILAK 2,2 DE SEPTIEMBRE,URRIAK 4,4 DE OCTUBRE
28,BFA,DFB,2024/2025,B 5X5/3X3 SASKIBALOIA,BALONCESTO 5X5/3X3 B,BENJAMINAK,BENJAMIN,IRAILAK 2,2 DE SEPTIEMBRE,URRIAK 4,4 DE OCTUBRE
29,BFA,DFB,2024/2025,D 5X5/3X3 SASKIBALOIA,BALONCESTO 5X5/3X3 D,BENJAMINAK,BENJAMIN,IRAILAK 2,2 DE SEPTIEMBRE,URRIAK 4,4 DE OCTUBRE
30,BFA,DFB,2024/2025,A SASKIBALOIA,BALONCESTO A,UMEAK,INFANTIL,IRAILAK 2,2 DE SEPTIEMBRE,IRAILAK 20,20 DE SEPTIEMBRE
31,BFA,DFB,2024/2025,A SASKIBALOIA,BALONCESTO A,KIMUAK,ALEVIN,IRAILAK 2,2 DE SEPTIEMBRE,IRAILAK 20,20 DE SEPTIEMBRE
32,BFA,DFB,2024/2025,B SASKIBALOIA,BALONCESTO B,UMEAK,INFANTIL,IRAILAK 2,2 DE SEPTIEMBRE,IRAILAK 20,20 DE SEPTIEMBRE
33,BFA,DFB,2024/2025,B SASKIBALOIA,BALONCESTO B,KIMUAK,ALEVIN,IRAILAK 2,2 DE SEPTIEMBRE,IRAILAK 20,20 DE SEPTIEMBRE
34,BFA,DFB,2024/2025,SASKIBALOIA R,BALONCESTO R,UMEAK,INFANTIL,IRAILAK 2,2 DE SEPTIEMBRE,IRAILAK 20,20 DE SEPTIEMBRE
35,BFA,DFB,2024/2025,ESKUBALOIA,BALONMANO,UMEAK,INFANTIL,IRAILAK 2,2 DE SEPTIEMBRE,IRAILAK 20,20 DE SEPTIEMBRE
36,BFA,DFB,2024/2025,ESKUBALOIA,BALONMANO,KADETEAK,CADETE,IRAILAK 2,2 DE SEPTIEMBRE,IRAILAK 20,20 DE SEPTIEMBRE
37,BFA,DFB,2024/2025,ESKUBALOIA 5,BALONMANO 5,BENJAMINAK,BENJAMIN,IRAILAK 2,2 DE SEPTIEMBRE,IRAILAK 27,27 DE SEPTIEMBRE
38,BFA,DFB,2024/2025,ESKUBALOIA 5,BALONMANO 5,KIMUAK,ALEVIN,IRAILAK 2,2 DE SEPTIEMBRE,IRAILAK 20,20 DE SEPTIEMBRE
39,BFA,DFB,2024/2025,HONDARTZA-ESKUBALOIA,BALONMANO PLAYA,BENJAMINAK,BENJAMIN,IRAILAK 2,2 DE SEPTIEMBRE,MAIATZAK 5,5 DE MAYO
40,BFA,DFB,2024/2025,HONDARTZA-ESKUBALOIA,BALONMANO PLAYA,KIMUAK,ALEVIN,IRAILAK 2,2 DE SEPTIEMBRE,MAIATZAK 5,5 DE MAYO
41,BFA,DFB,2024/2025,HONDARTZA-ESKUBALOIA,BALONMANO PLAYA,UMEAK,INFANTIL,IRAILAK 2,2 DE SEPTIEMBRE,MAIATZAK 5,5 DE MAYO
42,BFA,DFB,2024/2025,HONDARTZA-ESKUBALOIA,BALONMANO PLAYA,KADETEAK,CADETE,IRAILAK 2,2 DE SEPTIEMBRE,MAIATZAK 5,5 DE MAYO
43,BFA,DFB,2024/2025,TXIKIBOXA,TXIKIBOX,BANAKAKOA KIROLA,DEPORTE INDIVIDUAL,IRAILAK 2,2 DE SEPTIEMBRE,ABENDUAK 13,13 DE DICIEMBRE
44,BFA,DFB,2024/2025,TXIKIBOXA,TXIKIBOX,BENJAMINAK,BENJAMIN,IRAILAK 2,2 DE SEPTIEMBRE,ABENDUAK 13,13 DE DICIEMBRE
45,BFA,DFB,2024/2025,TXIKIBOXA,TXIKIBOX,KIMUAK,ALEVIN,IRAILAK 2,2 DE SEPTIEMBRE,ABENDUAK 13,13 DE DICIEMBRE
46,BFA,DFB,2024/2025,TXIKIBOXA,TXIKIBOX,UMEAK,INFANTIL,IRAILAK 2,2 DE SEPTIEMBRE,ABENDUAK 13,13 DE DICIEMBRE
47,BFA,DFB,2024/2025,TXIKIBOXA,TXIKIBOX,KADETEAK,CADETE,IRAILAK 2,2 DE SEPTIEMBRE,ABENDUAK 13,13 DE DICIEMBRE
48,BFA,DFB,2024/2025,TXIRRINDULARITZA,CICLISMO,BANAKAKOA KIROLA,DEPORTE INDIVIDUAL,IRAILAK 2,2 DE SEPTIEMBRE,EKAINAK 6,6 DE JUNIO
49,BFA,DFB,2024/2025,TXIRRINDULARITZA,CICLISMO,KIMUAK,ALEVIN,IRAILAK 2,2 DE SEPTIEMBRE,EKAINAK 6,6 DE JUNIO
50,BFA,DFB,2024/2025,TXIRRINDULARITZA,CICLISMO,BENJAMINAK,BENJAMIN,IRAILAK 2,2 DE SEPTIEMBRE,EKAINAK 6,6 DE JUNIO
51,BFA,DFB,2024/2025,TXIRRINDULARITZA,CICLISMO,KADETEAK,CADETE,IRAILAK 2,2 DE SEPTIEMBRE,EKAINAK 6,6 DE JUNIO
52,BFA,DFB,2024/2025,TXIRRINDULARITZA,CICLISMO,UMEAK,INFANTIL,IRAILAK 2,2 DE SEPTIEMBRE,EKAINAK 6,6 DE JUNIO
53,BFA,DFB,2024/2025,PATINAJE LASTERKETAK,PATINAJE CARRERAS,BANAKAKOA KIROLA,DEPORTE INDIVIDUAL,IRAILAK 2,2 DE SEPTIEMBRE,URRIAK 18,18 DE OCTUBRE
54,BFA,DFB,2024/2025,PATINAJE LASTERKETAK,PATINAJE CARRERAS,KIMUAK,ALEVIN,IRAILAK 2,2 DE SEPTIEMBRE,URRIAK 18,18 DE OCTUBRE
55,BFA,DFB,2024/2025,PATINAJE LASTERKETAK,PATINAJE CARRERAS,BENJAMINAK,BENJAMIN,IRAILAK 2,2 DE SEPTIEMBRE,URRIAK 18,18 DE OCTUBRE
56,BFA,DFB,2024/2025,PATINAJE LASTERKETAK,PATINAJE CARRERAS,KADETEAK,CADETE,IRAILAK 2,2 DE SEPTIEMBRE,URRIAK 18,18 DE OCTUBRE
57,BFA,DFB,2024/2025,PATINAJE LASTERKETAK,PATINAJE CARRERAS,UMEAK,INFANTIL,IRAILAK 2,2 DE SEPTIEMBRE,URRIAK 18,18 DE OCTUBRE
58,BFA,DFB,2024/2025,CROSSTRAINING-HERRI KIROLAK,CROSSTRAINING-HERRI KIROLAK,KADETEAK,CADETE,IRAILAK 2,2 DE SEPTIEMBRE,ABENDUAK 13,13 DE DICIEMBRE
59,BFA,DFB,2024/2025,HERRI KIROLA,DEPORTE RURAL,BENJAMINAK,BENJAMIN,IRAILAK 2,2 DE SEPTIEMBRE,ABENDUAK 13,13 DE DICIEMBRE
60,BFA,DFB,2024/2025,HERRI KIROLA,DEPORTE RURAL,KIMUAK,ALEVIN,IRAILAK 2,2 DE SEPTIEMBRE,ABENDUAK 13,13 DE DICIEMBRE
61,BFA,DFB,2024/2025,HERRI KIROLA,DEPORTE RURAL,UMEAK,INFANTIL,IRAILAK 2,2 DE SEPTIEMBRE,ABENDUAK 13,13 DE DICIEMBRE
62,BFA,DFB,2024/2025,HERRI KIROLA,DEPORTE RURAL,KADETEAK,CADETE,IRAILAK 2,2 DE SEPTIEMBRE,ABENDUAK 13,13 DE DICIEMBRE
63,BFA,DFB,2024/2025,HERRI KIROLA,DEPORTE RURAL,GAZTEAK,JUVENIL,IRAILAK 2,2 DE SEPTIEMBRE,ABENDUAK 13,13 DE DICIEMBRE
64,BFA,DFB,2024/2025,ALPETAR ESKIA,ESQUI ALPINO,BANAKAKOA KIROLA,DEPORTE INDIVIDUAL,URTARRILAK 23,23 DE ENERO,MARTXOAK 31,31 DE MARZO
65,BFA,DFB,2024/2025,KIROL ESKALADA,ESCALADA DEPORTIVA,KIMUAK,ALEVIN,IRAILAK 2,2 DE SEPTIEMBRE,ABENDUAK 13,13 DE DICIEMBRE
66,BFA,DFB,2024/2025,KIROL ESKALADA,ESCALADA DEPORTIVA,BENJAMINAK,BENJAMIN,IRAILAK 2,2 DE SEPTIEMBRE,ABENDUAK 13,13 DE DICIEMBRE
67,BFA,DFB,2024/2025,KIROL ESKALADA,ESCALADA DEPORTIVA,KADETEAK,CADETE,IRAILAK 2,2 DE SEPTIEMBRE,ABENDUAK 13,13 DE DICIEMBRE
68,BFA,DFB,2024/2025,KIROL ESKALADA,ESCALADA DEPORTIVA,UMEAK,INFANTIL,IRAILAK 2,2 DE SEPTIEMBRE,ABENDUAK 13,13 DE DICIEMBRE
69,BFA,DFB,2024/2025,KIROL ESKALADA,ESCALADA DEPORTIVA,BANAKAKOA KIROLA,DEPORTE INDIVIDUAL,IRAILAK 2,2 DE SEPTIEMBRE,ABENDUAK 13,13 DE DICIEMBRE
70,BFA,DFB,2024/2025,ESKRIMA,ESGRIMA,KIMUAK,ALEVIN,IRAILAK 2,2 DE SEPTIEMBRE,URTARRILAK 10,10 DE ENERO
71,BFA,DFB,2024/2025,ESKRIMA,ESGRIMA,BENJAMINAK,BENJAMIN,IRAILAK 2,2 DE SEPTIEMBRE,URTARRILAK 10,10 DE ENERO
72,BFA,DFB,2024/2025,ESKRIMA,ESGRIMA,UMEAK,INFANTIL,IRAILAK 2,2 DE SEPTIEMBRE,URTARRILAK 10,10 DE ENERO
73,BFA,DFB,2024/2025,ESKRIMA,ESGRIMA,BANAKAKOA KIROLA,DEPORTE INDIVIDUAL,IRAILAK 2,2 DE SEPTIEMBRE,URTARRILAK 10,10 DE ENERO
74,BFA,DFB,2024/2025,FUTBOL 11 R,FUTBOL 11 R,R UMEEN 1GO. URTEA,INFANTIL PRIMER AÃO R,UZTAILAK 10,10 DE JULIO,UZTAILAK 24,24 DE JULIO
75,BFA,DFB,2024/2025,FUTBOL 11 R,FUTBOL 11 R,R UMEEN 2. URTEA,INFANTIL 2Âº AÃO R,UZTAILAK 10,10 DE JULIO,UZTAILAK 24,24 DE JULIO
76,BFA,DFB,2024/2025,FUTBOL 5,FUTBOL 5,BENJAMINAK,BENJAMIN,IRAILAK 2,2 DE SEPTIEMBRE,URRIAK 4,4 DE OCTUBRE
77,BFA,DFB,2024/2025,FUTBOL 5,FUTBOL 5,KIMUAK,ALEVIN,IRAILAK 2,2 DE SEPTIEMBRE,IRAILAK 27,27 DE SEPTIEMBRE
78,BFA,DFB,2024/2025,FUTBOL 5,FUTBOL 5,UMEAK,INFANTIL,IRAILAK 2,2 DE SEPTIEMBRE,IRAILAK 27,27 DE SEPTIEMBRE
79,BFA,DFB,2024/2025,FUTBOL 5,FUTBOL 5,KADETEAK,CADETE,IRAILAK 2,2 DE SEPTIEMBRE,IRAILAK 27,27 DE SEPTIEMBRE
80,BFA,DFB,2024/2025,NESKEN 7 FUTBOLA,FUTBOL 7 FEMENINO,BENJAMINAK,BENJAMIN,IRAILAK 2,2 DE SEPTIEMBRE,URRIAK 4,4 DE OCTUBRE
81,BFA,DFB,2024/2025,NESKEN 7 FUTBOLA,FUTBOL 7 FEMENINO,KIMUAK,ALEVIN,IRAILAK 2,2 DE SEPTIEMBRE,IRAILAK 27,27 DE SEPTIEMBRE
82,BFA,DFB,2024/2025,FUTBOL 7 A,FUTBOL 7 A,BENJAMINAK,BENJAMIN,IRAILAK 2,2 DE SEPTIEMBRE,IRAILAK 20,20 DE SEPTIEMBRE
83,BFA,DFB,2024/2025,FUTBOL 7 A,FUTBOL 7 A,KIMUAK,ALEVIN,IRAILAK 2,2 DE SEPTIEMBRE,IRAILAK 20,20 DE SEPTIEMBRE
84,BFA,DFB,2024/2025,FUTBOL 7 B,FUTBOL 7 B,BENJAMINAK,BENJAMIN,IRAILAK 2,2 DE SEPTIEMBRE,URRIAK 4,4 DE OCTUBRE
85,BFA,DFB,2024/2025,FUTBOL 7 B,FUTBOL 7 B,KIMUAK,ALEVIN,IRAILAK 2,2 DE SEPTIEMBRE,IRAILAK 27,27 DE SEPTIEMBRE
86,BFA,DFB,2024/2025,D7 FUTBOLA,FUTBOL 7D,KIMUAK,ALEVIN,IRAILAK 2,2 DE SEPTIEMBRE,IRAILAK 27,27 DE SEPTIEMBRE
87,BFA,DFB,2024/2025,D7 FUTBOLA,FUTBOL 7D,BENJAMINAK,BENJAMIN,IRAILAK 2,2 DE SEPTIEMBRE,URRIAK 4,4 DE OCTUBRE
88,BFA,DFB,2024/2025,7R FUTBOLA,FUTBOL 7R,R KIMUEN 2. URTEA,ALEVIN 2Âº AÃO R,IRAILAK 2,2 DE SEPTIEMBRE,IRAILAK 12,12 DE SEPTIEMBRE
89,BFA,DFB,2024/2025,FUTBOL 11 A,FUTBOL 11 A,UMEAK,INFANTIL,IRAILAK 2,2 DE SEPTIEMBRE,IRAILAK 20,20 DE SEPTIEMBRE
90,BFA,DFB,2024/2025,FUTBOL 11 B,FUTBOL 11 B,UMEAK,INFANTIL,IRAILAK 2,2 DE SEPTIEMBRE,IRAILAK 27,27 DE SEPTIEMBRE
91,BFA,DFB,2024/2025,7KO FUTBOLA,FUTBOL 7,GAZTEAK,JUVENIL,IRAILAK 2,2 DE SEPTIEMBRE,IRAILAK 27,27 DE SEPTIEMBRE
92,BFA,DFB,2024/2025,7KO FUTBOLA,FUTBOL 7,KADETEAK,CADETE,IRAILAK 2,2 DE SEPTIEMBRE,IRAILAK 27,27 DE SEPTIEMBRE
93,BFA,DFB,2024/2025,NESKEN 11 A FUTBOLA,FUTBOL 11 A FEMENINO,UMEAK,INFANTIL,IRAILAK 2,2 DE SEPTIEMBRE,IRAILAK 27,27 DE SEPTIEMBRE
94,BFA,DFB,2024/2025,7B NESKEN FUTBOLA,FUTBOL 7B FEMENINO,UMEAK,INFANTIL,IRAILAK 2,2 DE SEPTIEMBRE,IRAILAK 27,27 DE SEPTIEMBRE
95,BFA,DFB,2024/2025,FRONTENISA,FRONTENIS,UMEAK,INFANTIL,IRAILAK 2,2 DE SEPTIEMBRE,ABENDUAK 13,13 DE DICIEMBRE
96,BFA,DFB,2024/2025,FRONTENISA,FRONTENIS,KADETEAK,CADETE,IRAILAK 2,2 DE SEPTIEMBRE,ABENDUAK 13,13 DE DICIEMBRE
97,BFA,DFB,2024/2025,FRONTENISA,FRONTENIS,KIMUAK,ALEVIN,IRAILAK 2,2 DE SEPTIEMBRE,ABENDUAK 13,13 DE DICIEMBRE
98,BFA,DFB,2024/2025,FRONTENISA,FRONTENIS,BENJAMINAK,BENJAMIN,IRAILAK 2,2 DE SEPTIEMBRE,ABENDUAK 13,13 DE DICIEMBRE
99,BFA,DFB,2024/2025,FRONTENISA,FRONTENIS,BANAKAKOA KIROLA,DEPORTE INDIVIDUAL,IRAILAK 2,2 DE SEPTIEMBRE,ABENDUAK 13,13 DE DICIEMBRE
100,BFA,DFB,2024/2025,NESKEN FRONTENISA,FRONTENIS FEMENINO,KIMUAK,ALEVIN,IRAILAK 2,2 DE SEPTIEMBRE,ABENDUAK 13,13 DE DICIEMBRE
101,BFA,DFB,2024/2025,NESKEN FRONTENISA,FRONTENIS FEMENINO,BENJAMINAK,BENJAMIN,IRAILAK 2,2 DE SEPTIEMBRE,ABENDUAK 13,13 DE DICIEMBRE
102,BFA,DFB,2024/2025,NESKEN FRONTENISA,FRONTENIS FEMENINO,KADETEAK,CADETE,IRAILAK 2,2 DE SEPTIEMBRE,ABENDUAK 13,13 DE DICIEMBRE
103,BFA,DFB,2024/2025,NESKEN FRONTENISA,FRONTENIS FEMENINO,BANAKAKOA KIROLA,DEPORTE INDIVIDUAL,IRAILAK 2,2 DE SEPTIEMBRE,ABENDUAK 13,13 DE DICIEMBRE
104,BFA,DFB,2024/2025,NESKEN FRONTENISA,FRONTENIS FEMENINO,UMEAK,INFANTIL,IRAILAK 2,2 DE SEPTIEMBRE,ABENDUAK 13,13 DE DICIEMBRE
105,BFA,DFB,2024/2025,GIMNASIA ERRITMIKOA,GIMNASIA RITMICA,BANAKAKOA KIROLA,DEPORTE INDIVIDUAL,IRAILAK 2,2 DE SEPTIEMBRE,ABENDUAK 5,5 DE DICIEMBRE
106,BFA,DFB,2024/2025,GIMNASIA ERRITMIKOA,GIMNASIA RITMICA,KIMUAK,ALEVIN,IRAILAK 2,2 DE SEPTIEMBRE,ABENDUAK 5,5 DE DICIEMBRE
107,BFA,DFB,2024/2025,GIMNASIA ERRITMIKOA,GIMNASIA RITMICA,BENJAMINAK,BENJAMIN,IRAILAK 2,2 DE SEPTIEMBRE,ABENDUAK 5,5 DE DICIEMBRE
108,BFA,DFB,2024/2025,GIMNASIA ERRITMIKOA,GIMNASIA RITMICA,KADETEAK,CADETE,IRAILAK 2,2 DE SEPTIEMBRE,ABENDUAK 5,5 DE DICIEMBRE
109,BFA,DFB,2024/2025,GIMNASIA ERRITMIKOA,GIMNASIA RITMICA,UMEAK,INFANTIL,IRAILAK 2,2 DE SEPTIEMBRE,ABENDUAK 5,5 DE DICIEMBRE
110,BFA,DFB,2024/2025,GIMNASIA ARTISTIKOA,GIMNASIA ARTISTICA,BANAKAKOA KIROLA,DEPORTE INDIVIDUAL,IRAILAK 2,2 DE SEPTIEMBRE,ABENDUAK 5,5 DE DICIEMBRE
111,BFA,DFB,2024/2025,GIMNASIA ARTISTIKOA,GIMNASIA ARTISTICA,KIMUAK,ALEVIN,IRAILAK 2,2 DE SEPTIEMBRE,ABENDUAK 5,5 DE DICIEMBRE
112,BFA,DFB,2024/2025,GIMNASIA ARTISTIKOA,GIMNASIA ARTISTICA,BENJAMINAK,BENJAMIN,IRAILAK 2,2 DE SEPTIEMBRE,ABENDUAK 5,5 DE DICIEMBRE
113,BFA,DFB,2024/2025,GIMNASIA ARTISTIKOA,GIMNASIA ARTISTICA,KADETEAK,CADETE,IRAILAK 2,2 DE SEPTIEMBRE,ABENDUAK 5,5 DE DICIEMBRE
114,BFA,DFB,2024/2025,GIMNASIA ARTISTIKOA,GIMNASIA ARTISTICA,UMEAK,INFANTIL,IRAILAK 2,2 DE SEPTIEMBRE,ABENDUAK 5,5 DE DICIEMBRE
115,BFA,DFB,2024/2025,GIMNASIA TRANPOLINA,GIMNASIA TRAMPOLIN,BANAKAKOA KIROLA,DEPORTE INDIVIDUAL,IRAILAK 2,2 DE SEPTIEMBRE,ABENDUAK 5,5 DE DICIEMBRE
116,BFA,DFB,2024/2025,GIMNASIA TRANPOLINA,GIMNASIA TRAMPOLIN,KIMUAK,ALEVIN,IRAILAK 2,2 DE SEPTIEMBRE,ABENDUAK 5,5 DE DICIEMBRE
117,BFA,DFB,2024/2025,GIMNASIA TRANPOLINA,GIMNASIA TRAMPOLIN,BENJAMINAK,BENJAMIN,IRAILAK 2,2 DE SEPTIEMBRE,ABENDUAK 5,5 DE DICIEMBRE
118,BFA,DFB,2024/2025,GIMNASIA TRANPOLINA,GIMNASIA TRAMPOLIN,KADETEAK,CADETE,IRAILAK 2,2 DE SEPTIEMBRE,ABENDUAK 5,5 DE DICIEMBRE
119,BFA,DFB,2024/2025,GIMNASIA TRANPOLINA,GIMNASIA TRAMPOLIN,UMEAK,INFANTIL,IRAILAK 2,2 DE SEPTIEMBRE,ABENDUAK 5,5 DE DICIEMBRE
120,BFA,DFB,2024/2025,HOCKEYA,HOCKEY,BENJAMINAK,BENJAMIN,IRAILAK 2,2 DE SEPTIEMBRE,URTARRILAK 10,10 DE ENERO
121,BFA,DFB,2024/2025,HOCKEYA,HOCKEY,KIMUAK,ALEVIN,IRAILAK 2,2 DE SEPTIEMBRE,URTARRILAK 10,10 DE ENERO
122,BFA,DFB,2024/2025,HOCKEYA,HOCKEY,UMEAK,INFANTIL,IRAILAK 2,2 DE SEPTIEMBRE,URTARRILAK 10,10 DE ENERO
123,BFA,DFB,2024/2025,HEZIKI,HEZIKI,BANAKAKOA KIROLA,DEPORTE INDIVIDUAL,IRAILAK 2,2 DE SEPTIEMBRE,URRIAK 25,25 DE OCTUBRE
124,BFA,DFB,2024/2025,HEZIKI,HEZIKI,AURREBENJAMINA,PREBENJAMIN,IRAILAK 2,2 DE SEPTIEMBRE,URRIAK 25,25 DE OCTUBRE
125,BFA,DFB,2024/2025,PATIN HOCKEYA,HOCKEY PATINES,BENJAMINAK,BENJAMIN,IRAILAK 2,2 DE SEPTIEMBRE,URRIAK 4,4 DE OCTUBRE
126,BFA,DFB,2024/2025,PATIN HOCKEYA,HOCKEY PATINES,UMEAK,INFANTIL,IRAILAK 2,2 DE SEPTIEMBRE,IRAILAK 27,27 DE SEPTIEMBRE
127,BFA,DFB,2024/2025,PATIN HOCKEYA,HOCKEY PATINES,KIMUAK,ALEVIN,IRAILAK 2,2 DE SEPTIEMBRE,IRAILAK 27,27 DE SEPTIEMBRE
128,BFA,DFB,2024/2025,PATIN HOCKEYA,HOCKEY PATINES,KADETEAK,CADETE,IRAILAK 2,2 DE SEPTIEMBRE,IRAILAK 27,27 DE SEPTIEMBRE
129,BFA,DFB,2024/2025,HOCKEYA LINEAKO PATINEKIN,HOCKEY PATINES EN LINEA,BENJAMINAK,BENJAMIN,IRAILAK 2,2 DE SEPTIEMBRE,URRIAK 4,4 DE OCTUBRE
130,BFA,DFB,2024/2025,HOCKEYA LINEAKO PATINEKIN,HOCKEY PATINES EN LINEA,KIMUAK,ALEVIN,IRAILAK 2,2 DE SEPTIEMBRE,IRAILAK 27,27 DE SEPTIEMBRE
131,BFA,DFB,2024/2025,HOCKEYA LINEAKO PATINEKIN,HOCKEY PATINES EN LINEA,UMEAK,INFANTIL,IRAILAK 2,2 DE SEPTIEMBRE,IRAILAK 27,27 DE SEPTIEMBRE
132,BFA,DFB,2024/2025,HOCKEYA LINEAKO PATINEKIN,HOCKEY PATINES EN LINEA,KADETEAK,CADETE,IRAILAK 2,2 DE SEPTIEMBRE,IRAILAK 27,27 DE SEPTIEMBRE
133,BFA,DFB,2024/2025,JUDOA,JUDO,BANAKAKOA KIROLA,DEPORTE INDIVIDUAL,IRAILAK 2,2 DE SEPTIEMBRE,URTARRILAK 10,10 DE ENERO
134,BFA,DFB,2024/2025,JUDOA,JUDO,KIMUAK,ALEVIN,IRAILAK 2,2 DE SEPTIEMBRE,URTARRILAK 10,10 DE ENERO
135,BFA,DFB,2024/2025,JUDOA,JUDO,BENJAMINAK,BENJAMIN,IRAILAK 2,2 DE SEPTIEMBRE,URTARRILAK 10,10 DE ENERO
136,BFA,DFB,2024/2025,JUDOA,JUDO,UMEAK,INFANTIL,IRAILAK 2,2 DE SEPTIEMBRE,URTARRILAK 10,10 DE ENERO
137,BFA,DFB,2024/2025,KARATEA,KARATE,BANAKAKOA KIROLA,DEPORTE INDIVIDUAL,IRAILAK 2,2 DE SEPTIEMBRE,ABENDUAK 13,13 DE DICIEMBRE
138,BFA,DFB,2024/2025,KARATEA,KARATE,KADETEAK,CADETE,IRAILAK 2,2 DE SEPTIEMBRE,ABENDUAK 13,13 DE DICIEMBRE
139,BFA,DFB,2024/2025,KARATEA,KARATE,KIMUAK,ALEVIN,IRAILAK 2,2 DE SEPTIEMBRE,ABENDUAK 13,13 DE DICIEMBRE
140,BFA,DFB,2024/2025,KARATEA,KARATE,BENJAMINAK,BENJAMIN,IRAILAK 2,2 DE SEPTIEMBRE,ABENDUAK 13,13 DE DICIEMBRE
141,BFA,DFB,2024/2025,KARATEA,KARATE,UMEAK,INFANTIL,IRAILAK 2,2 DE SEPTIEMBRE,ABENDUAK 13,13 DE DICIEMBRE
142,BFA,DFB,2024/2025,BORROKA,LUCHA,KIMUAK,ALEVIN,IRAILAK 2,2 DE SEPTIEMBRE,ABENDUAK 13,13 DE DICIEMBRE
143,BFA,DFB,2024/2025,BORROKA,LUCHA,BENJAMINAK,BENJAMIN,IRAILAK 2,2 DE SEPTIEMBRE,ABENDUAK 13,13 DE DICIEMBRE
144,BFA,DFB,2024/2025,BORROKA,LUCHA,BANAKAKOA KIROLA,DEPORTE INDIVIDUAL,IRAILAK 2,2 DE SEPTIEMBRE,ABENDUAK 13,13 DE DICIEMBRE
145,BFA,DFB,2024/2025,BORROKA,LUCHA,UMEAK,INFANTIL,IRAILAK 2,2 DE SEPTIEMBRE,ABENDUAK 13,13 DE DICIEMBRE
146,BFA,DFB,2024/2025,BORROKA,LUCHA,KADETEAK,CADETE,IRAILAK 2,2 DE SEPTIEMBRE,ABENDUAK 13,13 DE DICIEMBRE
147,BFA,DFB,2024/2025,IGERIKETA,NATACION,BANAKAKOA KIROLA,DEPORTE INDIVIDUAL,IRAILAK 2,2 DE SEPTIEMBRE,IRAILAK 27,27 DE SEPTIEMBRE
148,BFA,DFB,2024/2025,IGERIKETA,NATACION,KIMUAK,ALEVIN,IRAILAK 2,2 DE SEPTIEMBRE,IRAILAK 27,27 DE SEPTIEMBRE
149,BFA,DFB,2024/2025,IGERIKETA,NATACION,BENJAMINAK,BENJAMIN,IRAILAK 2,2 DE SEPTIEMBRE,IRAILAK 27,27 DE SEPTIEMBRE
150,BFA,DFB,2024/2025,IGERIKETA,NATACION,KADETEAK,CADETE,IRAILAK 2,2 DE SEPTIEMBRE,IRAILAK 27,27 DE SEPTIEMBRE
151,BFA,DFB,2024/2025,IGERIKETA,NATACION,UMEAK,INFANTIL,IRAILAK 2,2 DE SEPTIEMBRE,IRAILAK 27,27 DE SEPTIEMBRE
152,BFA,DFB,2024/2025,IGERIKETA SINKRONIZ.,NATACION SINCRONIZAD,BANAKAKOA KIROLA,DEPORTE INDIVIDUAL,IRAILAK 2,2 DE SEPTIEMBRE,IRAILAK 27,27 DE SEPTIEMBRE
153,BFA,DFB,2024/2025,IGERIKETA SINKRONIZ.,NATACION SINCRONIZAD,KIMUAK,ALEVIN,IRAILAK 2,2 DE SEPTIEMBRE,IRAILAK 27,27 DE SEPTIEMBRE
154,BFA,DFB,2024/2025,IGERIKETA SINKRONIZ.,NATACION SINCRONIZAD,BENJAMINAK,BENJAMIN,IRAILAK 2,2 DE SEPTIEMBRE,IRAILAK 27,27 DE SEPTIEMBRE
155,BFA,DFB,2024/2025,IGERIKETA SINKRONIZ.,NATACION SINCRONIZAD,KADETEAK,CADETE,IRAILAK 2,2 DE SEPTIEMBRE,IRAILAK 27,27 DE SEPTIEMBRE
156,BFA,DFB,2024/2025,IGERIKETA SINKRONIZ.,NATACION SINCRONIZAD,UMEAK,INFANTIL,IRAILAK 2,2 DE SEPTIEMBRE,IRAILAK 27,27 DE SEPTIEMBRE
157,BFA,DFB,2024/2025,ORIENTAZIOA,ORIENTACION,BANAKAKOA KIROLA,DEPORTE INDIVIDUAL,IRAILAK 2,2 DE SEPTIEMBRE,ABENDUAK 13,13 DE DICIEMBRE
158,BFA,DFB,2024/2025,ORIENTAZIOA,ORIENTACION,BENJAMINAK,BENJAMIN,IRAILAK 2,2 DE SEPTIEMBRE,ABENDUAK 13,13 DE DICIEMBRE
159,BFA,DFB,2024/2025,ORIENTAZIOA,ORIENTACION,KIMUAK,ALEVIN,IRAILAK 2,2 DE SEPTIEMBRE,ABENDUAK 13,13 DE DICIEMBRE
160,BFA,DFB,2024/2025,ORIENTAZIOA,ORIENTACION,UMEAK,INFANTIL,IRAILAK 2,2 DE SEPTIEMBRE,ABENDUAK 13,13 DE DICIEMBRE
161,BFA,DFB,2024/2025,ORIENTAZIOA,ORIENTACION,KADETEAK,CADETE,IRAILAK 2,2 DE SEPTIEMBRE,ABENDUAK 13,13 DE DICIEMBRE
162,BFA,DFB,2024/2025,PATINAJE ARTISTIKOA,PATINAJE ARTISTICO,BANAKAKOA KIROLA,DEPORTE INDIVIDUAL,IRAILAK 2,2 DE SEPTIEMBRE,IRAILAK 27,27 DE SEPTIEMBRE
163,BFA,DFB,2024/2025,PATINAJE ARTISTIKOA,PATINAJE ARTISTICO,KIMUAK,ALEVIN,IRAILAK 2,2 DE SEPTIEMBRE,IRAILAK 27,27 DE SEPTIEMBRE
164,BFA,DFB,2024/2025,PATINAJE ARTISTIKOA,PATINAJE ARTISTICO,BENJAMINAK,BENJAMIN,IRAILAK 2,2 DE SEPTIEMBRE,IRAILAK 27,27 DE SEPTIEMBRE
165,BFA,DFB,2024/2025,PATINAJE ARTISTIKOA,PATINAJE ARTISTICO,UMEAK,INFANTIL,IRAILAK 2,2 DE SEPTIEMBRE,IRAILAK 27,27 DE SEPTIEMBRE
166,BFA,DFB,2024/2025,PATINAJE ARTISTIKOA,PATINAJE ARTISTICO,KADETEAK,CADETE,IRAILAK 2,2 DE SEPTIEMBRE,IRAILAK 27,27 DE SEPTIEMBRE
167,BFA,DFB,2024/2025,PILOTA ZESTAZ,PELOTA CESTA,KIMUAK,ALEVIN,IRAILAK 2,2 DE SEPTIEMBRE,IRAILAK 27,27 DE SEPTIEMBRE
168,BFA,DFB,2024/2025,PILOTA ZESTAZ,PELOTA CESTA,UMEAK,INFANTIL,IRAILAK 2,2 DE SEPTIEMBRE,IRAILAK 27,27 DE SEPTIEMBRE
169,BFA,DFB,2024/2025,PILOTA ZESTAZ,PELOTA CESTA,KADETEAK,CADETE,IRAILAK 2,2 DE SEPTIEMBRE,IRAILAK 27,27 DE SEPTIEMBRE
170,BFA,DFB,2024/2025,PILOTA ZESTAZ,PELOTA CESTA,BENJAMINAK,BENJAMIN,IRAILAK 2,2 DE SEPTIEMBRE,IRAILAK 27,27 DE SEPTIEMBRE
171,BFA,DFB,2024/2025,PILOTA ZESTAZ,PELOTA CESTA,BANAKAKOA KIROLA,DEPORTE INDIVIDUAL,IRAILAK 2,2 DE SEPTIEMBRE,IRAILAK 27,27 DE SEPTIEMBRE
172,BFA,DFB,2024/2025,NESKEN PILOTA PALETA,PELOTA PALETA FEMENINA,KIMUAK,ALEVIN,IRAILAK 2,2 DE SEPTIEMBRE,IRAILAK 27,27 DE SEPTIEMBRE
173,BFA,DFB,2024/2025,NESKEN PILOTA PALETA,PELOTA PALETA FEMENINA,BENJAMINAK,BENJAMIN,IRAILAK 2,2 DE SEPTIEMBRE,IRAILAK 27,27 DE SEPTIEMBRE
174,BFA,DFB,2024/2025,NESKEN PILOTA PALETA,PELOTA PALETA FEMENINA,BANAKAKOA KIROLA,DEPORTE INDIVIDUAL,IRAILAK 2,2 DE SEPTIEMBRE,IRAILAK 27,27 DE SEPTIEMBRE
175,BFA,DFB,2024/2025,NESKEN PILOTA PALETA,PELOTA PALETA FEMENINA,UMEAK,INFANTIL,IRAILAK 2,2 DE SEPTIEMBRE,IRAILAK 27,27 DE SEPTIEMBRE
176,BFA,DFB,2024/2025,PADELA,PADEL,BANAKAKOA KIROLA,DEPORTE INDIVIDUAL,IRAILAK 2,2 DE SEPTIEMBRE,URTARRILAK 10,10 DE ENERO
177,BFA,DFB,2024/2025,PADELA,PADEL,BENJAMINAK,BENJAMIN,IRAILAK 2,2 DE SEPTIEMBRE,URTARRILAK 10,10 DE ENERO
178,BFA,DFB,2024/2025,PADELA,PADEL,KIMUAK,ALEVIN,IRAILAK 2,2 DE SEPTIEMBRE,URTARRILAK 10,10 DE ENERO
179,BFA,DFB,2024/2025,PADELA,PADEL,UMEAK,INFANTIL,IRAILAK 2,2 DE SEPTIEMBRE,URTARRILAK 10,10 DE ENERO
180,BFA,DFB,2024/2025,ARRANTZA,PESCA,KIMUAK,ALEVIN,IRAILAK 2,2 DE SEPTIEMBRE,URTARRILAK 10,10 DE ENERO
181,BFA,DFB,2024/2025,ARRANTZA,PESCA,BENJAMINAK,BENJAMIN,IRAILAK 2,2 DE SEPTIEMBRE,URTARRILAK 10,10 DE ENERO
182,BFA,DFB,2024/2025,ARRANTZA,PESCA,KADETEAK,CADETE,IRAILAK 2,2 DE SEPTIEMBRE,URTARRILAK 10,10 DE ENERO
183,BFA,DFB,2024/2025,ARRANTZA,PESCA,UMEAK,INFANTIL,IRAILAK 2,2 DE SEPTIEMBRE,URTARRILAK 10,10 DE ENERO
184,BFA,DFB,2024/2025,ARRANTZA,PESCA,BANAKAKOA KIROLA,DEPORTE INDIVIDUAL,IRAILAK 2,2 DE SEPTIEMBRE,URTARRILAK 10,10 DE ENERO
185,BFA,DFB,2024/2025,PIRAGUISMOA,PIRAGUISMO,BANAKAKOA KIROLA,DEPORTE INDIVIDUAL,IRAILAK 2,2 DE SEPTIEMBRE,ABENDUAK 13,13 DE DICIEMBRE
186,BFA,DFB,2024/2025,PIRAGUISMOA,PIRAGUISMO,KIMUAK,ALEVIN,IRAILAK 2,2 DE SEPTIEMBRE,ABENDUAK 13,13 DE DICIEMBRE
187,BFA,DFB,2024/2025,PIRAGUISMOA,PIRAGUISMO,BENJAMINAK,BENJAMIN,IRAILAK 2,2 DE SEPTIEMBRE,ABENDUAK 13,13 DE DICIEMBRE
188,BFA,DFB,2024/2025,PIRAGUISMOA,PIRAGUISMO,UMEAK,INFANTIL,IRAILAK 2,2 DE SEPTIEMBRE,ABENDUAK 13,13 DE DICIEMBRE
189,BFA,DFB,2024/2025,ESKU PILOTA,PELOTA MANO,BANAKAKOA KIROLA,DEPORTE INDIVIDUAL,IRAILAK 2,2 DE SEPTIEMBRE,IRAILAK 27,27 DE SEPTIEMBRE
190,BFA,DFB,2024/2025,ESKU PILOTA,PELOTA MANO,BENJAMINAK,BENJAMIN,IRAILAK 2,2 DE SEPTIEMBRE,IRAILAK 27,27 DE SEPTIEMBRE
191,BFA,DFB,2024/2025,ESKU PILOTA,PELOTA MANO,KADETEAK,CADETE,IRAILAK 2,2 DE SEPTIEMBRE,IRAILAK 27,27 DE SEPTIEMBRE
192,BFA,DFB,2024/2025,ESKU PILOTA,PELOTA MANO,UMEAK,INFANTIL,IRAILAK 2,2 DE SEPTIEMBRE,IRAILAK 27,27 DE SEPTIEMBRE
193,BFA,DFB,2024/2025,ESKU PILOTA,PELOTA MANO,KIMUAK,ALEVIN,IRAILAK 2,2 DE SEPTIEMBRE,IRAILAK 27,27 DE SEPTIEMBRE
194,BFA,DFB,2024/2025,NESKEN ESKU PILOTA,PELOTA MANO FEMENINA,BANAKAKOA KIROLA,DEPORTE INDIVIDUAL,IRAILAK 2,2 DE SEPTIEMBRE,ABENDUAK 13,13 DE DICIEMBRE
195,BFA,DFB,2024/2025,NESKEN ESKU PILOTA,PELOTA MANO FEMENINA,BENJAMINAK,BENJAMIN,IRAILAK 2,2 DE SEPTIEMBRE,ABENDUAK 13,13 DE DICIEMBRE
196,BFA,DFB,2024/2025,NESKEN ESKU PILOTA,PELOTA MANO FEMENINA,KIMUAK,ALEVIN,IRAILAK 2,2 DE SEPTIEMBRE,ABENDUAK 13,13 DE DICIEMBRE
197,BFA,DFB,2024/2025,NESKEN ESKU PILOTA,PELOTA MANO FEMENINA,KADETEAK,CADETE,IRAILAK 2,2 DE SEPTIEMBRE,ABENDUAK 13,13 DE DICIEMBRE
198,BFA,DFB,2024/2025,NESKEN ESKU PILOTA,PELOTA MANO FEMENINA,UMEAK,INFANTIL,IRAILAK 2,2 DE SEPTIEMBRE,ABENDUAK 13,13 DE DICIEMBRE
199,BFA,DFB,2024/2025,EUSKAL PILOTA H,PELOTA VASCA H,KIMUAK,ALEVIN,IRAILAK 2,2 DE SEPTIEMBRE,ABENDUAK 13,13 DE DICIEMBRE
200,BFA,DFB,2024/2025,EUSKAL PILOTA H,PELOTA VASCA H,BENJAMINAK,BENJAMIN,IRAILAK 2,2 DE SEPTIEMBRE,ABENDUAK 13,13 DE DICIEMBRE
201,BFA,DFB,2024/2025,EUSKAL PILOTA H,PELOTA VASCA H,KADETEAK,CADETE,IRAILAK 2,2 DE SEPTIEMBRE,ABENDUAK 13,13 DE DICIEMBRE
202,BFA,DFB,2024/2025,EUSKAL PILOTA H,PELOTA VASCA H,UMEAK,INFANTIL,IRAILAK 2,2 DE SEPTIEMBRE,ABENDUAK 13,13 DE DICIEMBRE
203,BFA,DFB,2024/2025,EUSKAL PILOTA H,PELOTA VASCA H,BANAKAKOA KIROLA,DEPORTE INDIVIDUAL,IRAILAK 2,2 DE SEPTIEMBRE,ABENDUAK 13,13 DE DICIEMBRE
204,BFA,DFB,2024/2025,PILOTA PALETA,PELOTA PALETA,BENJAMINAK,BENJAMIN,IRAILAK 2,2 DE SEPTIEMBRE,IRAILAK 27,27 DE SEPTIEMBRE
205,BFA,DFB,2024/2025,PILOTA PALETA,PELOTA PALETA,KIMUAK,ALEVIN,IRAILAK 2,2 DE SEPTIEMBRE,IRAILAK 27,27 DE SEPTIEMBRE
206,BFA,DFB,2024/2025,PILOTA PALETA,PELOTA PALETA,UMEAK,INFANTIL,IRAILAK 2,2 DE SEPTIEMBRE,IRAILAK 27,27 DE SEPTIEMBRE
207,BFA,DFB,2024/2025,PILOTA PALETA,PELOTA PALETA,KADETEAK,CADETE,IRAILAK 2,2 DE SEPTIEMBRE,IRAILAK 27,27 DE SEPTIEMBRE
208,BFA,DFB,2024/2025,PILOTA PALETA,PELOTA PALETA,BANAKAKOA KIROLA,DEPORTE INDIVIDUAL,IRAILAK 2,2 DE SEPTIEMBRE,IRAILAK 27,27 DE SEPTIEMBRE
209,BFA,DFB,2024/2025,ROLLER FREESTYLE,ROLLER FREESTYLE,KIMUAK,ALEVIN,IRAILAK 2,2 DE SEPTIEMBRE,URRIAK 18,18 DE OCTUBRE
210,BFA,DFB,2024/2025,ROLLER FREESTYLE,ROLLER FREESTYLE,BENJAMINAK,BENJAMIN,IRAILAK 2,2 DE SEPTIEMBRE,URRIAK 18,18 DE OCTUBRE
211,BFA,DFB,2024/2025,ROLLER FREESTYLE,ROLLER FREESTYLE,KADETEAK,CADETE,IRAILAK 2,2 DE SEPTIEMBRE,URRIAK 18,18 DE OCTUBRE
212,BFA,DFB,2024/2025,ROLLER FREESTYLE,ROLLER FREESTYLE,BANAKAKOA KIROLA,DEPORTE INDIVIDUAL,IRAILAK 2,2 DE SEPTIEMBRE,URRIAK 18,18 DE OCTUBRE
213,BFA,DFB,2024/2025,ROLLER FREESTYLE,ROLLER FREESTYLE,UMEAK,INFANTIL,IRAILAK 2,2 DE SEPTIEMBRE,URRIAK 18,18 DE OCTUBRE
214,BFA,DFB,2024/2025,PILOTA ESKU TRINKETEA,PELOTA TRINQUETE MANO,BENJAMINAK,BENJAMIN,IRAILAK 2,2 DE SEPTIEMBRE,IRAILAK 27,27 DE SEPTIEMBRE
215,BFA,DFB,2024/2025,PILOTA ESKU TRINKETEA,PELOTA TRINQUETE MANO,KIMUAK,ALEVIN,IRAILAK 2,2 DE SEPTIEMBRE,IRAILAK 27,27 DE SEPTIEMBRE
216,BFA,DFB,2024/2025,PILOTA ESKU TRINKETEA,PELOTA TRINQUETE MANO,UMEAK,INFANTIL,IRAILAK 2,2 DE SEPTIEMBRE,IRAILAK 27,27 DE SEPTIEMBRE
217,BFA,DFB,2024/2025,PILOTA ESKU TRINKETEA,PELOTA TRINQUETE MANO,KADETEAK,CADETE,IRAILAK 2,2 DE SEPTIEMBRE,IRAILAK 27,27 DE SEPTIEMBRE
218,BFA,DFB,2024/2025,PILOTA ESKU TRINKETEA,PELOTA TRINQUETE MANO,BANAKAKOA KIROLA,DEPORTE INDIVIDUAL,IRAILAK 2,2 DE SEPTIEMBRE,IRAILAK 27,27 DE SEPTIEMBRE
219,BFA,DFB,2024/2025,PILOTA TRINKETEA,PELOTA TRINQUETE,KIMUAK,ALEVIN,IRAILAK 2,2 DE SEPTIEMBRE,IRAILAK 27,27 DE SEPTIEMBRE
220,BFA,DFB,2024/2025,PILOTA TRINKETEA,PELOTA TRINQUETE,BANAKAKOA KIROLA,DEPORTE INDIVIDUAL,IRAILAK 2,2 DE SEPTIEMBRE,IRAILAK 27,27 DE SEPTIEMBRE
221,BFA,DFB,2024/2025,PILOTA TRINKETEA,PELOTA TRINQUETE,UMEAK,INFANTIL,IRAILAK 2,2 DE SEPTIEMBRE,IRAILAK 27,27 DE SEPTIEMBRE
222,BFA,DFB,2024/2025,PILOTA TRINKETEA,PELOTA TRINQUETE,KADETEAK,CADETE,IRAILAK 2,2 DE SEPTIEMBRE,IRAILAK 27,27 DE SEPTIEMBRE
223,BFA,DFB,2024/2025,PILOTA TRINKETEA,PELOTA TRINQUETE,BENJAMINAK,BENJAMIN,IRAILAK 2,2 DE SEPTIEMBRE,IRAILAK 27,27 DE SEPTIEMBRE
224,BFA,DFB,2024/2025,RUGBYA,RUGBY,KIMUAK,ALEVIN,IRAILAK 2,2 DE SEPTIEMBRE,URRIAK 18,18 DE OCTUBRE
225,BFA,DFB,2024/2025,RUGBYA,RUGBY,BENJAMINAK,BENJAMIN,IRAILAK 2,2 DE SEPTIEMBRE,URRIAK 18,18 DE OCTUBRE
226,BFA,DFB,2024/2025,RUGBYA,RUGBY,UMEAK,INFANTIL,IRAILAK 2,2 DE SEPTIEMBRE,URRIAK 18,18 DE OCTUBRE
227,BFA,DFB,2024/2025,ARRAUNKETA,REMO,BANAKAKOA KIROLA,DEPORTE INDIVIDUAL,IRAILAK 2,2 DE SEPTIEMBRE,URTARRILAK 10,10 DE ENERO
228,BFA,DFB,2024/2025,ARRAUNKETA,REMO,KIMUAK,ALEVIN,IRAILAK 2,2 DE SEPTIEMBRE,URTARRILAK 10,10 DE ENERO
229,BFA,DFB,2024/2025,ARRAUNKETA,REMO,BENJAMINAK,BENJAMIN,IRAILAK 2,2 DE SEPTIEMBRE,URTARRILAK 10,10 DE ENERO
230,BFA,DFB,2024/2025,ARRAUNKETA,REMO,UMEAK,INFANTIL,IRAILAK 2,2 DE SEPTIEMBRE,URTARRILAK 10,10 DE ENERO
231,BFA,DFB,2024/2025,SKATEBOARD,SKATEBOARD,KIMUAK,ALEVIN,IRAILAK 2,2 DE SEPTIEMBRE,APIRILAK 11,11 DE ABRIL
232,BFA,DFB,2024/2025,SKATEBOARD,SKATEBOARD,BENJAMINAK,BENJAMIN,IRAILAK 2,2 DE SEPTIEMBRE,APIRILAK 11,11 DE ABRIL
233,BFA,DFB,2024/2025,SKATEBOARD,SKATEBOARD,KADETEAK,CADETE,IRAILAK 2,2 DE SEPTIEMBRE,APIRILAK 11,11 DE ABRIL
234,BFA,DFB,2024/2025,SKATEBOARD,SKATEBOARD,BANAKAKOA KIROLA,DEPORTE INDIVIDUAL,IRAILAK 2,2 DE SEPTIEMBRE,APIRILAK 11,11 DE ABRIL
235,BFA,DFB,2024/2025,SKATEBOARD,SKATEBOARD,UMEAK,INFANTIL,IRAILAK 2,2 DE SEPTIEMBRE,APIRILAK 11,11 DE ABRIL
236,BFA,DFB,2024/2025,SURFA,SURF,UMEAK,INFANTIL,IRAILAK 2,2 DE SEPTIEMBRE,EKAINAK 6,6 DE JUNIO
237,BFA,DFB,2024/2025,SURFA,SURF,KIMUAK,ALEVIN,IRAILAK 2,2 DE SEPTIEMBRE,EKAINAK 6,6 DE JUNIO
238,BFA,DFB,2024/2025,SURFA,SURF,BENJAMINAK,BENJAMIN,IRAILAK 2,2 DE SEPTIEMBRE,EKAINAK 6,6 DE JUNIO
239,BFA,DFB,2024/2025,SURFA,SURF,KADETEAK,CADETE,IRAILAK 2,2 DE SEPTIEMBRE,EKAINAK 6,6 DE JUNIO
240,BFA,DFB,2024/2025,SURFA,SURF,BANAKAKOA KIROLA,DEPORTE INDIVIDUAL,IRAILAK 2,2 DE SEPTIEMBRE,EKAINAK 6,6 DE JUNIO
241,BFA,DFB,2024/2025,SALBAMENDU ETA SOROSPENA,SALVAMENTO Y SOCORRISMO,KIMUAK,ALEVIN,IRAILAK 2,2 DE SEPTIEMBRE,URRIAK 18,18 DE OCTUBRE
242,BFA,DFB,2024/2025,SALBAMENDU ETA SOROSPENA,SALVAMENTO Y SOCORRISMO,BENJAMINAK,BENJAMIN,IRAILAK 2,2 DE SEPTIEMBRE,URRIAK 18,18 DE OCTUBRE
243,BFA,DFB,2024/2025,SALBAMENDU ETA SOROSPENA,SALVAMENTO Y SOCORRISMO,UMEAK,INFANTIL,IRAILAK 2,2 DE SEPTIEMBRE,URRIAK 18,18 DE OCTUBRE
244,BFA,DFB,2024/2025,SALBAMENDU ETA SOROSPENA,SALVAMENTO Y SOCORRISMO,BANAKAKOA KIROLA,DEPORTE INDIVIDUAL,IRAILAK 2,2 DE SEPTIEMBRE,URRIAK 18,18 DE OCTUBRE
245,BFA,DFB,2024/2025,TENISA,TENIS,BANAKAKOA KIROLA,DEPORTE INDIVIDUAL,IRAILAK 2,2 DE SEPTIEMBRE,URRIAK 11,11 DE OCTUBRE
246,BFA,DFB,2024/2025,TENISA,TENIS,KIMUAK,ALEVIN,IRAILAK 2,2 DE SEPTIEMBRE,URRIAK 11,11 DE OCTUBRE
247,BFA,DFB,2024/2025,TENISA,TENIS,BENJAMINAK,BENJAMIN,IRAILAK 2,2 DE SEPTIEMBRE,URRIAK 11,11 DE OCTUBRE
248,BFA,DFB,2024/2025,TENISA,TENIS,KADETEAK,CADETE,IRAILAK 2,2 DE SEPTIEMBRE,URRIAK 11,11 DE OCTUBRE
249,BFA,DFB,2024/2025,TENISA,TENIS,UMEAK,INFANTIL,IRAILAK 2,2 DE SEPTIEMBRE,URRIAK 11,11 DE OCTUBRE
250,BFA,DFB,2024/2025,ARKU-TIRUA,TIRO CON ARCO,KIMUAK,ALEVIN,IRAILAK 2,2 DE SEPTIEMBRE,MAIATZAK 5,5 DE MAYO
251,BFA,DFB,2024/2025,ARKU-TIRUA,TIRO CON ARCO,BENJAMINAK,BENJAMIN,IRAILAK 2,2 DE SEPTIEMBRE,MAIATZAK 5,5 DE MAYO
252,BFA,DFB,2024/2025,ARKU-TIRUA,TIRO CON ARCO,KADETEAK,CADETE,IRAILAK 2,2 DE SEPTIEMBRE,MAIATZAK 5,5 DE MAYO
253,BFA,DFB,2024/2025,ARKU-TIRUA,TIRO CON ARCO,UMEAK,INFANTIL,IRAILAK 2,2 DE SEPTIEMBRE,MAIATZAK 5,5 DE MAYO
254,BFA,DFB,2024/2025,ARKU-TIRUA,TIRO CON ARCO,BANAKAKOA KIROLA,DEPORTE INDIVIDUAL,IRAILAK 2,2 DE SEPTIEMBRE,MAIATZAK 5,5 DE MAYO
255,BFA,DFB,2024/2025,TAEKWONDOA,TAEKWONDO,BANAKAKOA KIROLA,DEPORTE INDIVIDUAL,IRAILAK 2,2 DE SEPTIEMBRE,ABENDUAK 13,13 DE DICIEMBRE
256,BFA,DFB,2024/2025,TAEKWONDOA,TAEKWONDO,BENJAMINAK,BENJAMIN,IRAILAK 2,2 DE SEPTIEMBRE,ABENDUAK 13,13 DE DICIEMBRE
257,BFA,DFB,2024/2025,TAEKWONDOA,TAEKWONDO,KIMUAK,ALEVIN,IRAILAK 2,2 DE SEPTIEMBRE,ABENDUAK 13,13 DE DICIEMBRE
258,BFA,DFB,2024/2025,TAEKWONDOA,TAEKWONDO,UMEAK,INFANTIL,IRAILAK 2,2 DE SEPTIEMBRE,ABENDUAK 13,13 DE DICIEMBRE
259,BFA,DFB,2024/2025,MAHAIAKO TENISA,TENIS MESA,BENJAMINAK,BENJAMIN,IRAILAK 2,2 DE SEPTIEMBRE,ABENDUAK 13,13 DE DICIEMBRE
260,BFA,DFB,2024/2025,MAHAIAKO TENISA,TENIS MESA,KIMUAK,ALEVIN,IRAILAK 2,2 DE SEPTIEMBRE,ABENDUAK 13,13 DE DICIEMBRE
261,BFA,DFB,2024/2025,MAHAIAKO TENISA,TENIS MESA,UMEAK,INFANTIL,IRAILAK 2,2 DE SEPTIEMBRE,ABENDUAK 13,13 DE DICIEMBRE
262,BFA,DFB,2024/2025,MAHAIAKO TENISA,TENIS MESA,KADETEAK,CADETE,IRAILAK 2,2 DE SEPTIEMBRE,ABENDUAK 13,13 DE DICIEMBRE
263,BFA,DFB,2024/2025,MAHAIAKO TENISA,TENIS MESA,GAZTEAK,JUVENIL,IRAILAK 2,2 DE SEPTIEMBRE,ABENDUAK 13,13 DE DICIEMBRE
264,BFA,DFB,2024/2025,MAHAIAKO TENISA,TENIS MESA,BANAKAKOA KIROLA,DEPORTE INDIVIDUAL,IRAILAK 2,2 DE SEPTIEMBRE,ABENDUAK 13,13 DE DICIEMBRE
265,BFA,DFB,2024/2025,TRIATLOIA,TRIATLON,BANAKAKOA KIROLA,DEPORTE INDIVIDUAL,IRAILAK 2,2 DE SEPTIEMBRE,MARTXOAK 7,7 DE MARZO
266,BFA,DFB,2024/2025,TRIATLOIA,TRIATLON,BENJAMINAK,BENJAMIN,IRAILAK 2,2 DE SEPTIEMBRE,MARTXOAK 7,7 DE MARZO
267,BFA,DFB,2024/2025,TRIATLOIA,TRIATLON,KIMUAK,ALEVIN,IRAILAK 2,2 DE SEPTIEMBRE,MARTXOAK 7,7 DE MARZO
268,BFA,DFB,2024/2025,TRIATLOIA,TRIATLON,UMEAK,INFANTIL,IRAILAK 2,2 DE SEPTIEMBRE,MARTXOAK 7,7 DE MARZO
269,BFA,DFB,2024/2025,TRIATLOIA,TRIATLON,KADETEAK,CADETE,IRAILAK 2,2 DE SEPTIEMBRE,MARTXOAK 7,7 DE MARZO
270,BFA,DFB,2024/2025,BOLEIBOLA,VOLEIBOL,UMEAK,INFANTIL,IRAILAK 2,2 DE SEPTIEMBRE,IRAILAK 27,27 DE SEPTIEMBRE
271,BFA,DFB,2024/2025,BOLEIBOLA,VOLEIBOL,KADETEAK,CADETE,IRAILAK 2,2 DE SEPTIEMBRE,IRAILAK 27,27 DE SEPTIEMBRE
272,BFA,DFB,2024/2025,BOLEIBOLA,VOLEIBOL,GAZTEAK,JUVENIL,IRAILAK 2,2 DE SEPTIEMBRE,IRAILAK 27,27 DE SEPTIEMBRE
273,BFA,DFB,2024/2025,BOLEIBOLA 3,VOLEIBOL 3,KIMUAK,ALEVIN,IRAILAK 2,2 DE SEPTIEMBRE,IRAILAK 27,27 DE SEPTIEMBRE
274,BFA,DFB,2024/2025,BOLEIBOLA 3,VOLEIBOL 3,BENJAMINAK,BENJAMIN,IRAILAK 2,2 DE SEPTIEMBRE,URRIAK 4,4 DE OCTUBRE
275,BFA,DFB,2024/2025,BELA,VELA,BANAKAKOA KIROLA,DEPORTE INDIVIDUAL,IRAILAK 2,2 DE SEPTIEMBRE,MAIATZAK 5,5 DE MAYO
276,BFA,DFB,2024/2025,BELA,VELA,KIMUAK,ALEVIN,IRAILAK 2,2 DE SEPTIEMBRE,MAIATZAK 5,5 DE MAYO
277,BFA,DFB,2024/2025,BELA,VELA,BENJAMINAK,BENJAMIN,IRAILAK 2,2 DE SEPTIEMBRE,MAIATZAK 5,5 DE MAYO
278,BFA,DFB,2024/2025,BELA,VELA,UMEAK,INFANTIL,IRAILAK 2,2 DE SEPTIEMBRE,MAIATZAK 5,5 DE MAYO
279,BFA,DFB,2024/2025,VOLEY PLAYA,VOLEY PLAYA,BENJAMINAK,BENJAMIN,IRAILAK 2,2 DE SEPTIEMBRE,MAIATZAK 5,5 DE MAYO
280,BFA,DFB,2024/2025,VOLEY PLAYA,VOLEY PLAYA,KIMUAK,ALEVIN,IRAILAK 2,2 DE SEPTIEMBRE,MAIATZAK 5,5 DE MAYO
281,BFA,DFB,2024/2025,VOLEY PLAYA,VOLEY PLAYA,UMEAK,INFANTIL,IRAILAK 2,2 DE SEPTIEMBRE,MAIATZAK 5,5 DE MAYO
282,BFA,DFB,2024/2025,VOLEY PLAYA,VOLEY PLAYA,KADETEAK,CADETE,IRAILAK 2,2 DE SEPTIEMBRE,MAIATZAK 5,5 DE MAYO
283,BFA,DFB,2024/2025,VOLEY PLAYA,VOLEY PLAYA,GAZTEAK,JUVENIL,IRAILAK 2,2 DE SEPTIEMBRE,MAIATZAK 5,5 DE MAYO
284,BFA,DFB,2024/2025,WATERPOLOA,WATERPOLO,BENJAMINAK,BENJAMIN,IRAILAK 2,2 DE SEPTIEMBRE,URRIAK 4,4 DE OCTUBRE
285,BFA,DFB,2024/2025,WATERPOLOA,WATERPOLO,KIMUAK,ALEVIN,IRAILAK 2,2 DE SEPTIEMBRE,IRAILAK 27,27 DE SEPTIEMBRE
286,BFA,DFB,2024/2025,WATERPOLOA,WATERPOLO,UMEAK,INFANTIL,IRAILAK 2,2 DE SEPTIEMBRE,IRAILAK 27,27 DE SEPTIEMBRE
